ANNO,ALGORITMO,SCORE,VALUE,TEST,TRAIN,PREDICTOR,CENTRALITY
1986,deepwalk,micro-F1,0.5714285714285714,7,132,Logistic Regression,degree
1986,deepwalk,macro-F1,0.30952380952380953,7,132,Logistic Regression,degree
1986,deepwalk,micro-F1,0.5714285714285714,7,132,Random Forest,degree
1986,deepwalk,macro-F1,0.27777777777777773,7,132,Random Forest,degree
1986,ctdne,micro-F1,0.42857142857142855,7,132,Logistic Regression,degree
1986,ctdne,macro-F1,0.15,7,132,Logistic Regression,degree
1986,ctdne,micro-F1,0.14285714285714285,7,132,Random Forest,degree
1986,ctdne,macro-F1,0.05714285714285715,7,132,Random Forest,degree
1986,tnodeembedding,micro-F1,0.7142857142857143,7,132,Logistic Regression,degree
1986,tnodeembedding,macro-F1,0.4444444444444444,7,132,Logistic Regression,degree
1986,tnodeembedding,micro-F1,0.7142857142857143,7,132,Random Forest,degree
1986,tnodeembedding,macro-F1,0.4666666666666666,7,132,Random Forest,degree
1986,WALKHUBS2VEC,micro-F1,0.7142857142857143,7,132,Logistic Regression,degree
1986,WALKHUBS2VEC,macro-F1,0.5047619047619047,7,132,Logistic Regression,degree
1986,WALKHUBS2VEC,micro-F1,0.5714285714285714,7,132,Random Forest,degree
1986,WALKHUBS2VEC,macro-F1,0.3333333333333333,7,132,Random Forest,degree
1987,deepwalk,micro-F1,0.7083333333333334,24,139,Logistic Regression,degree
1987,deepwalk,macro-F1,0.4373543123543123,24,139,Logistic Regression,degree
1987,deepwalk,micro-F1,0.6666666666666666,24,139,Random Forest,degree
1987,deepwalk,macro-F1,0.42544955044955046,24,139,Random Forest,degree
1987,ctdne,micro-F1,0.25,24,139,Logistic Regression,degree
1987,ctdne,macro-F1,0.05714285714285715,24,139,Logistic Regression,degree
1987,ctdne,micro-F1,0.3333333333333333,24,139,Random Forest,degree
1987,ctdne,macro-F1,0.25170068027210885,24,139,Random Forest,degree
1987,tnodeembedding,micro-F1,0.7083333333333334,24,139,Logistic Regression,degree
1987,tnodeembedding,macro-F1,0.48064435564435565,24,139,Logistic Regression,degree
1987,tnodeembedding,micro-F1,0.5833333333333334,24,139,Random Forest,degree
1987,tnodeembedding,macro-F1,0.39973262032085566,24,139,Random Forest,degree
1987,WALKHUBS2VEC,micro-F1,0.625,24,139,Logistic Regression,degree
1987,WALKHUBS2VEC,macro-F1,0.2941468253968254,24,139,Logistic Regression,degree
1987,WALKHUBS2VEC,micro-F1,0.5,24,139,Random Forest,degree
1987,WALKHUBS2VEC,macro-F1,0.206002331002331,24,139,Random Forest,degree
1988,deepwalk,micro-F1,0.6571428571428571,35,163,Logistic Regression,degree
1988,deepwalk,macro-F1,0.45000000000000007,35,163,Logistic Regression,degree
1988,deepwalk,micro-F1,0.7428571428571429,35,163,Random Forest,degree
1988,deepwalk,macro-F1,0.5565217391304348,35,163,Random Forest,degree
1988,ctdne,micro-F1,0.37142857142857144,35,163,Logistic Regression,degree
1988,ctdne,macro-F1,0.20833333333333334,35,163,Logistic Regression,degree
1988,ctdne,micro-F1,0.4857142857142857,35,163,Random Forest,degree
1988,ctdne,macro-F1,0.36818181818181817,35,163,Random Forest,degree
1988,tnodeembedding,micro-F1,0.6571428571428571,35,163,Logistic Regression,degree
1988,tnodeembedding,macro-F1,0.5027777777777778,35,163,Logistic Regression,degree
1988,tnodeembedding,micro-F1,0.7142857142857143,35,163,Random Forest,degree
1988,tnodeembedding,macro-F1,0.5432806324110673,35,163,Random Forest,degree
1988,WALKHUBS2VEC,micro-F1,0.6285714285714286,35,163,Logistic Regression,degree
1988,WALKHUBS2VEC,macro-F1,0.4864624505928854,35,163,Logistic Regression,degree
1988,WALKHUBS2VEC,micro-F1,0.5142857142857142,35,163,Random Forest,degree
1988,WALKHUBS2VEC,macro-F1,0.41480186480186476,35,163,Random Forest,degree
1989,deepwalk,micro-F1,0.6964285714285714,56,198,Logistic Regression,degree
1989,deepwalk,macro-F1,0.498538961038961,56,198,Logistic Regression,degree
1989,deepwalk,micro-F1,0.75,56,198,Random Forest,degree
1989,deepwalk,macro-F1,0.5787878787878789,56,198,Random Forest,degree
1989,ctdne,micro-F1,0.75,56,198,Logistic Regression,degree
1989,ctdne,macro-F1,0.5800595238095239,56,198,Logistic Regression,degree
1989,ctdne,micro-F1,0.6428571428571429,56,198,Random Forest,degree
1989,ctdne,macro-F1,0.500559769022815,56,198,Random Forest,degree
1989,tnodeembedding,micro-F1,0.7142857142857143,56,198,Logistic Regression,degree
1989,tnodeembedding,macro-F1,0.500484496124031,56,198,Logistic Regression,degree
1989,tnodeembedding,micro-F1,0.7321428571428571,56,198,Random Forest,degree
1989,tnodeembedding,macro-F1,0.509469696969697,56,198,Random Forest,degree
1989,WALKHUBS2VEC,micro-F1,0.6785714285714286,56,198,Logistic Regression,degree
1989,WALKHUBS2VEC,macro-F1,0.4635275849470223,56,198,Logistic Regression,degree
1989,WALKHUBS2VEC,micro-F1,0.6964285714285714,56,198,Random Forest,degree
1989,WALKHUBS2VEC,macro-F1,0.4707908163265306,56,198,Random Forest,degree
1990,deepwalk,micro-F1,0.7435897435897437,117,254,Logistic Regression,degree
1990,deepwalk,macro-F1,0.6304514609814148,117,254,Logistic Regression,degree
1990,deepwalk,micro-F1,0.7777777777777778,117,254,Random Forest,degree
1990,deepwalk,macro-F1,0.6518473238351944,117,254,Random Forest,degree
1990,ctdne,micro-F1,0.7094017094017093,117,254,Logistic Regression,degree
1990,ctdne,macro-F1,0.469167503958105,117,254,Logistic Regression,degree
1990,ctdne,micro-F1,0.6495726495726496,117,254,Random Forest,degree
1990,ctdne,macro-F1,0.4717786780263945,117,254,Random Forest,degree
1990,tnodeembedding,micro-F1,0.7350427350427351,117,254,Logistic Regression,degree
1990,tnodeembedding,macro-F1,0.5864103601565607,117,254,Logistic Regression,degree
1990,tnodeembedding,micro-F1,0.7606837606837606,117,254,Random Forest,degree
1990,tnodeembedding,macro-F1,0.6279310659476461,117,254,Random Forest,degree
1990,WALKHUBS2VEC,micro-F1,0.7350427350427351,117,254,Logistic Regression,degree
1990,WALKHUBS2VEC,macro-F1,0.5420566003881805,117,254,Logistic Regression,degree
1990,WALKHUBS2VEC,micro-F1,0.6581196581196581,117,254,Random Forest,degree
1990,WALKHUBS2VEC,macro-F1,0.4103002654659374,117,254,Random Forest,degree
1991,deepwalk,micro-F1,0.7174887892376681,223,371,Logistic Regression,degree
1991,deepwalk,macro-F1,0.4447850885942205,223,371,Logistic Regression,degree
1991,deepwalk,micro-F1,0.6905829596412556,223,371,Random Forest,degree
1991,deepwalk,macro-F1,0.5221088435374149,223,371,Random Forest,degree
1991,ctdne,micro-F1,0.6681614349775785,223,371,Logistic Regression,degree
1991,ctdne,macro-F1,0.4153367606929492,223,371,Logistic Regression,degree
1991,ctdne,micro-F1,0.6322869955156951,223,371,Random Forest,degree
1991,ctdne,macro-F1,0.41696982014798334,223,371,Random Forest,degree
1991,tnodeembedding,micro-F1,0.6860986547085202,223,371,Logistic Regression,degree
1991,tnodeembedding,macro-F1,0.43835922979107406,223,371,Logistic Regression,degree
1991,tnodeembedding,micro-F1,0.672645739910314,223,371,Random Forest,degree
1991,tnodeembedding,macro-F1,0.48884508739152527,223,371,Random Forest,degree
1991,WALKHUBS2VEC,micro-F1,0.5605381165919282,223,371,Logistic Regression,degree
1991,WALKHUBS2VEC,macro-F1,0.3307019777608013,223,371,Logistic Regression,degree
1991,WALKHUBS2VEC,micro-F1,0.5560538116591929,223,371,Random Forest,degree
1991,WALKHUBS2VEC,macro-F1,0.2863444279677402,223,371,Random Forest,degree
1992,deepwalk,micro-F1,0.6723300970873787,412,594,Logistic Regression,degree
1992,deepwalk,macro-F1,0.49748292951659007,412,594,Logistic Regression,degree
1992,deepwalk,micro-F1,0.6674757281553398,412,594,Random Forest,degree
1992,deepwalk,macro-F1,0.48647913971812756,412,594,Random Forest,degree
1992,ctdne,micro-F1,0.6359223300970874,412,594,Logistic Regression,degree
1992,ctdne,macro-F1,0.4598689185504869,412,594,Logistic Regression,degree
1992,ctdne,micro-F1,0.6383495145631068,412,594,Random Forest,degree
1992,ctdne,macro-F1,0.44622895735294527,412,594,Random Forest,degree
1992,tnodeembedding,micro-F1,0.662621359223301,412,594,Logistic Regression,degree
1992,tnodeembedding,macro-F1,0.47685986927768476,412,594,Logistic Regression,degree
1992,tnodeembedding,micro-F1,0.6844660194174758,412,594,Random Forest,degree
1992,tnodeembedding,macro-F1,0.4941043255653399,412,594,Random Forest,degree
1992,WALKHUBS2VEC,micro-F1,0.5218446601941747,412,594,Logistic Regression,degree
1992,WALKHUBS2VEC,macro-F1,0.3520380866417628,412,594,Logistic Regression,degree
1992,WALKHUBS2VEC,micro-F1,0.4830097087378641,412,594,Random Forest,degree
1992,WALKHUBS2VEC,macro-F1,0.27705035176798337,412,594,Random Forest,degree
1993,deepwalk,micro-F1,0.7422062350119905,834,1006,Logistic Regression,degree
1993,deepwalk,macro-F1,0.613954691796673,834,1006,Logistic Regression,degree
1993,deepwalk,micro-F1,0.7278177458033573,834,1006,Random Forest,degree
1993,deepwalk,macro-F1,0.5908033079901368,834,1006,Random Forest,degree
1993,ctdne,micro-F1,0.7194244604316546,834,1006,Logistic Regression,degree
1993,ctdne,macro-F1,0.5500503685113532,834,1006,Logistic Regression,degree
1993,ctdne,micro-F1,0.7074340527577938,834,1006,Random Forest,degree
1993,ctdne,macro-F1,0.5237543000615087,834,1006,Random Forest,degree
1993,tnodeembedding,micro-F1,0.7050359712230215,834,1006,Logistic Regression,degree
1993,tnodeembedding,macro-F1,0.5385651697006174,834,1006,Logistic Regression,degree
1993,tnodeembedding,micro-F1,0.7014388489208633,834,1006,Random Forest,degree
1993,tnodeembedding,macro-F1,0.5423071030856355,834,1006,Random Forest,degree
1993,WALKHUBS2VEC,micro-F1,0.5611510791366906,834,1006,Logistic Regression,degree
1993,WALKHUBS2VEC,macro-F1,0.3899061780744918,834,1006,Logistic Regression,degree
1993,WALKHUBS2VEC,micro-F1,0.5563549160671463,834,1006,Random Forest,degree
1993,WALKHUBS2VEC,macro-F1,0.34632887523353334,834,1006,Random Forest,degree
1994,deepwalk,micro-F1,0.7522388059701492,1340,1840,Logistic Regression,degree
1994,deepwalk,macro-F1,0.5932325268179264,1340,1840,Logistic Regression,degree
1994,deepwalk,micro-F1,0.7522388059701492,1340,1840,Random Forest,degree
1994,deepwalk,macro-F1,0.581000239889811,1340,1840,Random Forest,degree
1994,ctdne,micro-F1,0.7470149253731343,1340,1840,Logistic Regression,degree
1994,ctdne,macro-F1,0.5625044598889273,1340,1840,Logistic Regression,degree
1994,ctdne,micro-F1,0.7365671641791045,1340,1840,Random Forest,degree
1994,ctdne,macro-F1,0.5450075128202392,1340,1840,Random Forest,degree
1994,tnodeembedding,micro-F1,0.7313432835820896,1340,1840,Logistic Regression,degree
1994,tnodeembedding,macro-F1,0.5771116540851042,1340,1840,Logistic Regression,degree
1994,tnodeembedding,micro-F1,0.744776119402985,1340,1840,Random Forest,degree
1994,tnodeembedding,macro-F1,0.5532758406839705,1340,1840,Random Forest,degree
1994,WALKHUBS2VEC,micro-F1,0.5753731343283582,1340,1840,Logistic Regression,degree
1994,WALKHUBS2VEC,macro-F1,0.38797182306377453,1340,1840,Logistic Regression,degree
1994,WALKHUBS2VEC,micro-F1,0.582089552238806,1340,1840,Random Forest,degree
1994,WALKHUBS2VEC,macro-F1,0.31873150292932445,1340,1840,Random Forest,degree
1995,deepwalk,micro-F1,0.7395638629283489,1605,3180,Logistic Regression,degree
1995,deepwalk,macro-F1,0.6495209718222099,1605,3180,Logistic Regression,degree
1995,deepwalk,micro-F1,0.7576323987538941,1605,3180,Random Forest,degree
1995,deepwalk,macro-F1,0.6524417285148779,1605,3180,Random Forest,degree
1995,ctdne,micro-F1,0.7277258566978193,1605,3180,Logistic Regression,degree
1995,ctdne,macro-F1,0.6220791805607526,1605,3180,Logistic Regression,degree
1995,ctdne,micro-F1,0.7239875389408098,1605,3180,Random Forest,degree
1995,ctdne,macro-F1,0.5800804087590208,1605,3180,Random Forest,degree
1995,tnodeembedding,micro-F1,0.7214953271028036,1605,3180,Logistic Regression,degree
1995,tnodeembedding,macro-F1,0.6304293402810182,1605,3180,Logistic Regression,degree
1995,tnodeembedding,micro-F1,0.7426791277258566,1605,3180,Random Forest,degree
1995,tnodeembedding,macro-F1,0.5950203592457985,1605,3180,Random Forest,degree
1995,WALKHUBS2VEC,micro-F1,0.5644859813084112,1605,3180,Logistic Regression,degree
1995,WALKHUBS2VEC,macro-F1,0.3562446960212033,1605,3180,Logistic Regression,degree
1995,WALKHUBS2VEC,micro-F1,0.5638629283489096,1605,3180,Random Forest,degree
1995,WALKHUBS2VEC,macro-F1,0.3059650106572689,1605,3180,Random Forest,degree
1996,deepwalk,micro-F1,0.7673782156540777,1827,4785,Logistic Regression,degree
1996,deepwalk,macro-F1,0.6805680581401791,1827,4785,Logistic Regression,degree
1996,deepwalk,micro-F1,0.7772304324028462,1827,4785,Random Forest,degree
1996,deepwalk,macro-F1,0.6726478357777322,1827,4785,Random Forest,degree
1996,ctdne,micro-F1,0.7493158182813355,1827,4785,Logistic Regression,degree
1996,ctdne,macro-F1,0.6551531083671235,1827,4785,Logistic Regression,degree
1996,ctdne,micro-F1,0.752599890530925,1827,4785,Random Forest,degree
1996,ctdne,macro-F1,0.6310005469156137,1827,4785,Random Forest,degree
1996,tnodeembedding,micro-F1,0.7586206896551724,1827,4785,Logistic Regression,degree
1996,tnodeembedding,macro-F1,0.6709930167267776,1827,4785,Logistic Regression,degree
1996,tnodeembedding,micro-F1,0.7558839627805145,1827,4785,Random Forest,degree
1996,tnodeembedding,macro-F1,0.6449325446977482,1827,4785,Random Forest,degree
1996,WALKHUBS2VEC,micro-F1,0.5473453749315819,1827,4785,Logistic Regression,degree
1996,WALKHUBS2VEC,macro-F1,0.35447769944972557,1827,4785,Logistic Regression,degree
1996,WALKHUBS2VEC,micro-F1,0.5544608648056923,1827,4785,Random Forest,degree
1996,WALKHUBS2VEC,macro-F1,0.3040533044056299,1827,4785,Random Forest,degree
1997,deepwalk,micro-F1,0.7554479418886199,1652,6612,Logistic Regression,degree
1997,deepwalk,macro-F1,0.6847404522062615,1652,6612,Logistic Regression,degree
1997,deepwalk,micro-F1,0.763317191283293,1652,6612,Random Forest,degree
1997,deepwalk,macro-F1,0.6786360250767919,1652,6612,Random Forest,degree
1997,ctdne,micro-F1,0.7403147699757869,1652,6612,Logistic Regression,degree
1997,ctdne,macro-F1,0.6554184015418565,1652,6612,Logistic Regression,degree
1997,ctdne,micro-F1,0.7554479418886199,1652,6612,Random Forest,degree
1997,ctdne,macro-F1,0.6618466403583174,1652,6612,Random Forest,degree
1997,tnodeembedding,micro-F1,0.736682808716707,1652,6612,Logistic Regression,degree
1997,tnodeembedding,macro-F1,0.6535131722257946,1652,6612,Logistic Regression,degree
1997,tnodeembedding,micro-F1,0.7548426150121065,1652,6612,Random Forest,degree
1997,tnodeembedding,macro-F1,0.6618960619071709,1652,6612,Random Forest,degree
1997,WALKHUBS2VEC,micro-F1,0.5914043583535109,1652,6612,Logistic Regression,degree
1997,WALKHUBS2VEC,macro-F1,0.4254040560819735,1652,6612,Logistic Regression,degree
1997,WALKHUBS2VEC,micro-F1,0.5338983050847458,1652,6612,Random Forest,degree
1997,WALKHUBS2VEC,macro-F1,0.3015250958996198,1652,6612,Random Forest,degree
1998,deepwalk,micro-F1,0.774281805745554,731,8264,Logistic Regression,degree
1998,deepwalk,macro-F1,0.705240678470599,731,8264,Logistic Regression,degree
1998,deepwalk,micro-F1,0.7783857729138167,731,8264,Random Forest,degree
1998,deepwalk,macro-F1,0.6942723276773757,731,8264,Random Forest,degree
1998,ctdne,micro-F1,0.7633378932968536,731,8264,Logistic Regression,degree
1998,ctdne,macro-F1,0.6831752501156589,731,8264,Logistic Regression,degree
1998,ctdne,micro-F1,0.7756497948016415,731,8264,Random Forest,degree
1998,ctdne,macro-F1,0.7007253409381742,731,8264,Random Forest,degree
1998,tnodeembedding,micro-F1,0.7578659370725034,731,8264,Logistic Regression,degree
1998,tnodeembedding,macro-F1,0.6874835851395545,731,8264,Logistic Regression,degree
1998,tnodeembedding,micro-F1,0.774281805745554,731,8264,Random Forest,degree
1998,tnodeembedding,macro-F1,0.6807755107817677,731,8264,Random Forest,degree
1998,WALKHUBS2VEC,micro-F1,0.607192254495159,723,8264,Logistic Regression,degree
1998,WALKHUBS2VEC,macro-F1,0.4513459186168339,723,8264,Logistic Regression,degree
1998,WALKHUBS2VEC,micro-F1,0.5781466113416321,723,8264,Random Forest,degree
1998,WALKHUBS2VEC,macro-F1,0.36718834006567586,723,8264,Random Forest,degree
1986,deepwalk,micro-F1,0.0,3,132,Logistic Regression,eigenvector
1986,deepwalk,macro-F1,0.0,3,132,Logistic Regression,eigenvector
1986,deepwalk,micro-F1,0.0,3,132,Random Forest,eigenvector
1986,deepwalk,macro-F1,0.0,3,132,Random Forest,eigenvector
1986,ctdne,micro-F1,0.0,3,132,Logistic Regression,eigenvector
1986,ctdne,macro-F1,0.0,3,132,Logistic Regression,eigenvector
1986,ctdne,micro-F1,0.0,3,132,Random Forest,eigenvector
1986,ctdne,macro-F1,0.0,3,132,Random Forest,eigenvector
1986,tnodeembedding,micro-F1,0.0,3,132,Logistic Regression,eigenvector
1986,tnodeembedding,macro-F1,0.0,3,132,Logistic Regression,eigenvector
1986,tnodeembedding,micro-F1,0.0,3,132,Random Forest,eigenvector
1986,tnodeembedding,macro-F1,0.0,3,132,Random Forest,eigenvector
1986,WALKHUBS2VEC,micro-F1,0.0,3,132,Logistic Regression,eigenvector
1986,WALKHUBS2VEC,macro-F1,0.0,3,132,Logistic Regression,eigenvector
1986,WALKHUBS2VEC,micro-F1,0.3333333333333333,3,132,Random Forest,eigenvector
1986,WALKHUBS2VEC,macro-F1,0.16666666666666666,3,132,Random Forest,eigenvector
1987,deepwalk,micro-F1,0.5,12,135,Logistic Regression,eigenvector
1987,deepwalk,macro-F1,0.23863636363636365,12,135,Logistic Regression,eigenvector
1987,deepwalk,micro-F1,0.4166666666666667,12,135,Random Forest,eigenvector
1987,deepwalk,macro-F1,0.30000000000000004,12,135,Random Forest,eigenvector
1987,ctdne,micro-F1,0.16666666666666666,12,135,Logistic Regression,eigenvector
1987,ctdne,macro-F1,0.047619047619047616,12,135,Logistic Regression,eigenvector
1987,ctdne,micro-F1,0.16666666666666666,12,135,Random Forest,eigenvector
1987,ctdne,macro-F1,0.06666666666666667,12,135,Random Forest,eigenvector
1987,tnodeembedding,micro-F1,0.5833333333333334,12,135,Logistic Regression,eigenvector
1987,tnodeembedding,macro-F1,0.3737373737373737,12,135,Logistic Regression,eigenvector
1987,tnodeembedding,micro-F1,0.5,12,135,Random Forest,eigenvector
1987,tnodeembedding,macro-F1,0.2857142857142857,12,135,Random Forest,eigenvector
1987,WALKHUBS2VEC,micro-F1,0.4166666666666667,12,135,Logistic Regression,eigenvector
1987,WALKHUBS2VEC,macro-F1,0.16780045351473924,12,135,Logistic Regression,eigenvector
1987,WALKHUBS2VEC,micro-F1,0.5,12,135,Random Forest,eigenvector
1987,WALKHUBS2VEC,macro-F1,0.2857142857142857,12,135,Random Forest,eigenvector
1988,deepwalk,micro-F1,0.6956521739130435,23,147,Logistic Regression,eigenvector
1988,deepwalk,macro-F1,0.46771284271284275,23,147,Logistic Regression,eigenvector
1988,deepwalk,micro-F1,0.7391304347826085,23,147,Random Forest,eigenvector
1988,deepwalk,macro-F1,0.5891414141414141,23,147,Random Forest,eigenvector
1988,ctdne,micro-F1,0.17391304347826086,23,147,Logistic Regression,eigenvector
1988,ctdne,macro-F1,0.04938271604938272,23,147,Logistic Regression,eigenvector
1988,ctdne,micro-F1,0.391304347826087,23,147,Random Forest,eigenvector
1988,ctdne,macro-F1,0.29215686274509806,23,147,Random Forest,eigenvector
1988,tnodeembedding,micro-F1,0.6521739130434783,23,147,Logistic Regression,eigenvector
1988,tnodeembedding,macro-F1,0.39166666666666666,23,147,Logistic Regression,eigenvector
1988,tnodeembedding,micro-F1,0.7391304347826085,23,147,Random Forest,eigenvector
1988,tnodeembedding,macro-F1,0.5891414141414141,23,147,Random Forest,eigenvector
1988,WALKHUBS2VEC,micro-F1,0.5217391304347826,23,147,Logistic Regression,eigenvector
1988,WALKHUBS2VEC,macro-F1,0.34978354978354975,23,147,Logistic Regression,eigenvector
1988,WALKHUBS2VEC,micro-F1,0.5652173913043478,23,147,Random Forest,eigenvector
1988,WALKHUBS2VEC,macro-F1,0.34154589371980676,23,147,Random Forest,eigenvector
1989,deepwalk,micro-F1,0.6,35,170,Logistic Regression,eigenvector
1989,deepwalk,macro-F1,0.3931818181818182,35,170,Logistic Regression,eigenvector
1989,deepwalk,micro-F1,0.6285714285714286,35,170,Random Forest,eigenvector
1989,deepwalk,macro-F1,0.4257902298850575,35,170,Random Forest,eigenvector
1989,ctdne,micro-F1,0.5428571428571428,35,170,Logistic Regression,eigenvector
1989,ctdne,macro-F1,0.31101190476190477,35,170,Logistic Regression,eigenvector
1989,ctdne,micro-F1,0.6,35,170,Random Forest,eigenvector
1989,ctdne,macro-F1,0.4119013409961686,35,170,Random Forest,eigenvector
1989,tnodeembedding,micro-F1,0.6571428571428571,35,170,Logistic Regression,eigenvector
1989,tnodeembedding,macro-F1,0.4400568181818182,35,170,Logistic Regression,eigenvector
1989,tnodeembedding,micro-F1,0.6571428571428571,35,170,Random Forest,eigenvector
1989,tnodeembedding,macro-F1,0.4395833333333333,35,170,Random Forest,eigenvector
1989,WALKHUBS2VEC,micro-F1,0.6,35,170,Logistic Regression,eigenvector
1989,WALKHUBS2VEC,macro-F1,0.2885878489326765,35,170,Logistic Regression,eigenvector
1989,WALKHUBS2VEC,micro-F1,0.6,35,170,Random Forest,eigenvector
1989,WALKHUBS2VEC,macro-F1,0.3946428571428572,35,170,Random Forest,eigenvector
1990,deepwalk,micro-F1,0.6987951807228916,83,205,Logistic Regression,eigenvector
1990,deepwalk,macro-F1,0.5996820173290762,83,205,Logistic Regression,eigenvector
1990,deepwalk,micro-F1,0.7108433734939759,83,205,Random Forest,eigenvector
1990,deepwalk,macro-F1,0.6049383708826434,83,205,Random Forest,eigenvector
1990,ctdne,micro-F1,0.6265060240963856,83,205,Logistic Regression,eigenvector
1990,ctdne,macro-F1,0.48732006725350746,83,205,Logistic Regression,eigenvector
1990,ctdne,micro-F1,0.5060240963855421,83,205,Random Forest,eigenvector
1990,ctdne,macro-F1,0.39971996502019197,83,205,Random Forest,eigenvector
1990,tnodeembedding,micro-F1,0.7590361445783133,83,205,Logistic Regression,eigenvector
1990,tnodeembedding,macro-F1,0.6968461955573756,83,205,Logistic Regression,eigenvector
1990,tnodeembedding,micro-F1,0.7228915662650603,83,205,Random Forest,eigenvector
1990,tnodeembedding,macro-F1,0.619756100207228,83,205,Random Forest,eigenvector
1990,WALKHUBS2VEC,micro-F1,0.42168674698795183,83,205,Logistic Regression,eigenvector
1990,WALKHUBS2VEC,macro-F1,0.1767105443576032,83,205,Logistic Regression,eigenvector
1990,WALKHUBS2VEC,micro-F1,0.5060240963855421,83,205,Random Forest,eigenvector
1990,WALKHUBS2VEC,macro-F1,0.27026400829217734,83,205,Random Forest,eigenvector
1991,deepwalk,micro-F1,0.7065217391304348,184,288,Logistic Regression,eigenvector
1991,deepwalk,macro-F1,0.4459479304762324,184,288,Logistic Regression,eigenvector
1991,deepwalk,micro-F1,0.6902173913043478,184,288,Random Forest,eigenvector
1991,deepwalk,macro-F1,0.4369881527490223,184,288,Random Forest,eigenvector
1991,ctdne,micro-F1,0.625,184,288,Logistic Regression,eigenvector
1991,ctdne,macro-F1,0.4064474797233417,184,288,Logistic Regression,eigenvector
1991,ctdne,micro-F1,0.6032608695652174,184,288,Random Forest,eigenvector
1991,ctdne,macro-F1,0.3983293039487969,184,288,Random Forest,eigenvector
1991,tnodeembedding,micro-F1,0.6358695652173914,184,288,Logistic Regression,eigenvector
1991,tnodeembedding,macro-F1,0.38562610229276895,184,288,Logistic Regression,eigenvector
1991,tnodeembedding,micro-F1,0.6141304347826086,184,288,Random Forest,eigenvector
1991,tnodeembedding,macro-F1,0.4010006585021709,184,288,Random Forest,eigenvector
1991,WALKHUBS2VEC,micro-F1,0.43478260869565216,184,288,Logistic Regression,eigenvector
1991,WALKHUBS2VEC,macro-F1,0.2082955593776337,184,288,Logistic Regression,eigenvector
1991,WALKHUBS2VEC,micro-F1,0.5054347826086957,184,288,Random Forest,eigenvector
1991,WALKHUBS2VEC,macro-F1,0.19929938033708097,184,288,Random Forest,eigenvector
1992,deepwalk,micro-F1,0.6136986301369863,365,472,Logistic Regression,eigenvector
1992,deepwalk,macro-F1,0.4264437769619495,365,472,Logistic Regression,eigenvector
1992,deepwalk,micro-F1,0.6383561643835617,365,472,Random Forest,eigenvector
1992,deepwalk,macro-F1,0.44071823963664475,365,472,Random Forest,eigenvector
1992,ctdne,micro-F1,0.6027397260273972,365,472,Logistic Regression,eigenvector
1992,ctdne,macro-F1,0.4039523562774729,365,472,Logistic Regression,eigenvector
1992,ctdne,micro-F1,0.5753424657534246,365,472,Random Forest,eigenvector
1992,ctdne,macro-F1,0.3789322900233483,365,472,Random Forest,eigenvector
1992,tnodeembedding,micro-F1,0.6520547945205479,365,472,Logistic Regression,eigenvector
1992,tnodeembedding,macro-F1,0.4373913114192864,365,472,Logistic Regression,eigenvector
1992,tnodeembedding,micro-F1,0.6301369863013698,365,472,Random Forest,eigenvector
1992,tnodeembedding,macro-F1,0.44161698359965723,365,472,Random Forest,eigenvector
1992,WALKHUBS2VEC,micro-F1,0.4000000000000001,365,472,Logistic Regression,eigenvector
1992,WALKHUBS2VEC,macro-F1,0.1998955310129285,365,472,Logistic Regression,eigenvector
1992,WALKHUBS2VEC,micro-F1,0.4438356164383562,365,472,Random Forest,eigenvector
1992,WALKHUBS2VEC,macro-F1,0.19871624933416698,365,472,Random Forest,eigenvector
1993,deepwalk,micro-F1,0.7064102564102565,780,837,Logistic Regression,eigenvector
1993,deepwalk,macro-F1,0.5850744876942733,780,837,Logistic Regression,eigenvector
1993,deepwalk,micro-F1,0.691025641025641,780,837,Random Forest,eigenvector
1993,deepwalk,macro-F1,0.5392247207499085,780,837,Random Forest,eigenvector
1993,ctdne,micro-F1,0.6756410256410257,780,837,Logistic Regression,eigenvector
1993,ctdne,macro-F1,0.530825471111543,780,837,Logistic Regression,eigenvector
1993,ctdne,micro-F1,0.6641025641025641,780,837,Random Forest,eigenvector
1993,ctdne,macro-F1,0.5116452365400626,780,837,Random Forest,eigenvector
1993,tnodeembedding,micro-F1,0.6756410256410257,780,837,Logistic Regression,eigenvector
1993,tnodeembedding,macro-F1,0.5482328800973553,780,837,Logistic Regression,eigenvector
1993,tnodeembedding,micro-F1,0.6871794871794872,780,837,Random Forest,eigenvector
1993,tnodeembedding,macro-F1,0.5415208049672651,780,837,Random Forest,eigenvector
1993,WALKHUBS2VEC,micro-F1,0.29615384615384616,780,837,Logistic Regression,eigenvector
1993,WALKHUBS2VEC,macro-F1,0.1540527807686578,780,837,Logistic Regression,eigenvector
1993,WALKHUBS2VEC,micro-F1,0.30641025641025643,780,837,Random Forest,eigenvector
1993,WALKHUBS2VEC,macro-F1,0.15067792514052294,780,837,Random Forest,eigenvector
1994,deepwalk,micro-F1,0.7350890782339272,1291,1617,Logistic Regression,eigenvector
1994,deepwalk,macro-F1,0.5783587283429645,1291,1617,Logistic Regression,eigenvector
1994,deepwalk,micro-F1,0.7467079783113864,1291,1617,Random Forest,eigenvector
1994,deepwalk,macro-F1,0.5637796531290953,1291,1617,Random Forest,eigenvector
1994,ctdne,micro-F1,0.7296669248644462,1291,1617,Logistic Regression,eigenvector
1994,ctdne,macro-F1,0.5592084434034368,1291,1617,Logistic Regression,eigenvector
1994,ctdne,micro-F1,0.7358636715724245,1291,1617,Random Forest,eigenvector
1994,ctdne,macro-F1,0.5520438320619957,1291,1617,Random Forest,eigenvector
1994,tnodeembedding,micro-F1,0.7358636715724245,1291,1617,Logistic Regression,eigenvector
1994,tnodeembedding,macro-F1,0.5764759218097895,1291,1617,Logistic Regression,eigenvector
1994,tnodeembedding,micro-F1,0.7428350116189001,1291,1617,Random Forest,eigenvector
1994,tnodeembedding,macro-F1,0.5650336932168762,1291,1617,Random Forest,eigenvector
1994,WALKHUBS2VEC,micro-F1,0.4027885360185902,1291,1617,Logistic Regression,eigenvector
1994,WALKHUBS2VEC,macro-F1,0.22708617988163543,1291,1617,Logistic Regression,eigenvector
1994,WALKHUBS2VEC,micro-F1,0.5011618900077459,1291,1617,Random Forest,eigenvector
1994,WALKHUBS2VEC,macro-F1,0.1875455949632755,1291,1617,Random Forest,eigenvector
1995,deepwalk,micro-F1,0.7373096446700508,1576,2908,Logistic Regression,eigenvector
1995,deepwalk,macro-F1,0.6509321280438255,1576,2908,Logistic Regression,eigenvector
1995,deepwalk,micro-F1,0.7385786802030457,1576,2908,Random Forest,eigenvector
1995,deepwalk,macro-F1,0.628266797893245,1576,2908,Random Forest,eigenvector
1995,ctdne,micro-F1,0.7055837563451777,1576,2908,Logistic Regression,eigenvector
1995,ctdne,macro-F1,0.5938459634368627,1576,2908,Logistic Regression,eigenvector
1995,ctdne,micro-F1,0.7106598984771575,1576,2908,Random Forest,eigenvector
1995,ctdne,macro-F1,0.5706898408917207,1576,2908,Random Forest,eigenvector
1995,tnodeembedding,micro-F1,0.7284263959390863,1576,2908,Logistic Regression,eigenvector
1995,tnodeembedding,macro-F1,0.6449101611247201,1576,2908,Logistic Regression,eigenvector
1995,tnodeembedding,micro-F1,0.7208121827411168,1576,2908,Random Forest,eigenvector
1995,tnodeembedding,macro-F1,0.579654134399426,1576,2908,Random Forest,eigenvector
1995,WALKHUBS2VEC,micro-F1,0.4866751269035533,1576,2908,Logistic Regression,eigenvector
1995,WALKHUBS2VEC,macro-F1,0.30204552635990917,1576,2908,Logistic Regression,eigenvector
1995,WALKHUBS2VEC,micro-F1,0.5177664974619289,1576,2908,Random Forest,eigenvector
1995,WALKHUBS2VEC,macro-F1,0.19811264934462192,1576,2908,Random Forest,eigenvector
1996,deepwalk,micro-F1,0.7642186637217007,1811,4484,Logistic Regression,eigenvector
1996,deepwalk,macro-F1,0.6849430025206502,1811,4484,Logistic Regression,eigenvector
1996,deepwalk,micro-F1,0.7675317504141359,1811,4484,Random Forest,eigenvector
1996,deepwalk,macro-F1,0.6727568815425836,1811,4484,Random Forest,eigenvector
1996,ctdne,micro-F1,0.7471010491441192,1811,4484,Logistic Regression,eigenvector
1996,ctdne,macro-F1,0.6524121063511593,1811,4484,Logistic Regression,eigenvector
1996,ctdne,micro-F1,0.7454445057979017,1811,4484,Random Forest,eigenvector
1996,ctdne,macro-F1,0.618503975210891,1811,4484,Random Forest,eigenvector
1996,tnodeembedding,micro-F1,0.7443401435670901,1811,4484,Logistic Regression,eigenvector
1996,tnodeembedding,macro-F1,0.661137307784597,1811,4484,Logistic Regression,eigenvector
1996,tnodeembedding,micro-F1,0.7548315847598013,1811,4484,Random Forest,eigenvector
1996,tnodeembedding,macro-F1,0.6495340880718403,1811,4484,Random Forest,eigenvector
1996,WALKHUBS2VEC,micro-F1,0.496410822749862,1811,4484,Logistic Regression,eigenvector
1996,WALKHUBS2VEC,macro-F1,0.2643644451042889,1811,4484,Logistic Regression,eigenvector
1996,WALKHUBS2VEC,micro-F1,0.518498067366096,1811,4484,Random Forest,eigenvector
1996,WALKHUBS2VEC,macro-F1,0.19100162471872867,1811,4484,Random Forest,eigenvector
1997,deepwalk,micro-F1,0.7634474327628362,1636,6295,Logistic Regression,eigenvector
1997,deepwalk,macro-F1,0.6984262131562379,1636,6295,Logistic Regression,eigenvector
1997,deepwalk,micro-F1,0.7585574572127138,1636,6295,Random Forest,eigenvector
1997,deepwalk,macro-F1,0.6732361194979732,1636,6295,Random Forest,eigenvector
1997,ctdne,micro-F1,0.738997555012225,1636,6295,Logistic Regression,eigenvector
1997,ctdne,macro-F1,0.6539304083791465,1636,6295,Logistic Regression,eigenvector
1997,ctdne,micro-F1,0.7579462102689487,1636,6295,Random Forest,eigenvector
1997,ctdne,macro-F1,0.6678216039174375,1636,6295,Random Forest,eigenvector
1997,tnodeembedding,micro-F1,0.7310513447432764,1636,6295,Logistic Regression,eigenvector
1997,tnodeembedding,macro-F1,0.6461305161084704,1636,6295,Logistic Regression,eigenvector
1997,tnodeembedding,micro-F1,0.7518337408312957,1636,6295,Random Forest,eigenvector
1997,tnodeembedding,macro-F1,0.6553950318517804,1636,6295,Random Forest,eigenvector
1997,WALKHUBS2VEC,micro-F1,0.5220048899755502,1636,6295,Logistic Regression,eigenvector
1997,WALKHUBS2VEC,macro-F1,0.27012945675545297,1636,6295,Logistic Regression,eigenvector
1997,WALKHUBS2VEC,micro-F1,0.4908312958435208,1636,6295,Random Forest,eigenvector
1997,WALKHUBS2VEC,macro-F1,0.2015835910679975,1636,6295,Random Forest,eigenvector
1998,deepwalk,micro-F1,0.786908077994429,718,7931,Logistic Regression,eigenvector
1998,deepwalk,macro-F1,0.7209579142036086,718,7931,Logistic Regression,eigenvector
1998,deepwalk,micro-F1,0.766016713091922,718,7931,Random Forest,eigenvector
1998,deepwalk,macro-F1,0.6876072897689295,718,7931,Random Forest,eigenvector
1998,ctdne,micro-F1,0.7562674094707521,718,7931,Logistic Regression,eigenvector
1998,ctdne,macro-F1,0.6721823364002559,718,7931,Logistic Regression,eigenvector
1998,ctdne,micro-F1,0.7813370473537605,718,7931,Random Forest,eigenvector
1998,ctdne,macro-F1,0.7116888354466063,718,7931,Random Forest,eigenvector
1998,tnodeembedding,micro-F1,0.7632311977715879,718,7931,Logistic Regression,eigenvector
1998,tnodeembedding,macro-F1,0.6947360672559031,718,7931,Logistic Regression,eigenvector
1998,tnodeembedding,micro-F1,0.7534818941504178,718,7931,Random Forest,eigenvector
1998,tnodeembedding,macro-F1,0.6526675317797161,718,7931,Random Forest,eigenvector
1998,WALKHUBS2VEC,micro-F1,0.5557103064066853,718,7931,Logistic Regression,eigenvector
1998,WALKHUBS2VEC,macro-F1,0.3206974120794584,718,7931,Logistic Regression,eigenvector
1998,WALKHUBS2VEC,micro-F1,0.5306406685236769,718,7931,Random Forest,eigenvector
1998,WALKHUBS2VEC,macro-F1,0.28506515217645967,718,7931,Random Forest,eigenvector
1986,deepwalk,micro-F1,0.5714285714285714,7,132,Logistic Regression,pagerank
1986,deepwalk,macro-F1,0.3333333333333333,7,132,Logistic Regression,pagerank
1986,deepwalk,micro-F1,0.5714285714285714,7,132,Random Forest,pagerank
1986,deepwalk,macro-F1,0.27777777777777773,7,132,Random Forest,pagerank
1986,ctdne,micro-F1,0.42857142857142855,7,132,Logistic Regression,pagerank
1986,ctdne,macro-F1,0.15,7,132,Logistic Regression,pagerank
1986,ctdne,micro-F1,0.14285714285714285,7,132,Random Forest,pagerank
1986,ctdne,macro-F1,0.05714285714285715,7,132,Random Forest,pagerank
1986,tnodeembedding,micro-F1,0.7142857142857143,7,132,Logistic Regression,pagerank
1986,tnodeembedding,macro-F1,0.4666666666666666,7,132,Logistic Regression,pagerank
1986,tnodeembedding,micro-F1,0.5714285714285714,7,132,Random Forest,pagerank
1986,tnodeembedding,macro-F1,0.27777777777777773,7,132,Random Forest,pagerank
1986,WALKHUBS2VEC,micro-F1,0.5714285714285714,7,132,Logistic Regression,pagerank
1986,WALKHUBS2VEC,macro-F1,0.4,7,132,Logistic Regression,pagerank
1986,WALKHUBS2VEC,micro-F1,0.5714285714285714,7,132,Random Forest,pagerank
1986,WALKHUBS2VEC,macro-F1,0.30952380952380953,7,132,Random Forest,pagerank
1987,deepwalk,micro-F1,0.6666666666666666,24,139,Logistic Regression,pagerank
1987,deepwalk,macro-F1,0.42544955044955046,24,139,Logistic Regression,pagerank
1987,deepwalk,micro-F1,0.625,24,139,Random Forest,pagerank
1987,deepwalk,macro-F1,0.40946969696969693,24,139,Random Forest,pagerank
1987,ctdne,micro-F1,0.25,24,139,Logistic Regression,pagerank
1987,ctdne,macro-F1,0.05714285714285715,24,139,Logistic Regression,pagerank
1987,ctdne,micro-F1,0.3333333333333333,24,139,Random Forest,pagerank
1987,ctdne,macro-F1,0.1638095238095238,24,139,Random Forest,pagerank
1987,tnodeembedding,micro-F1,0.6666666666666666,24,139,Logistic Regression,pagerank
1987,tnodeembedding,macro-F1,0.4154761904761905,24,139,Logistic Regression,pagerank
1987,tnodeembedding,micro-F1,0.6666666666666666,24,139,Random Forest,pagerank
1987,tnodeembedding,macro-F1,0.432051282051282,24,139,Random Forest,pagerank
1987,WALKHUBS2VEC,micro-F1,0.7083333333333334,24,139,Logistic Regression,pagerank
1987,WALKHUBS2VEC,macro-F1,0.4361111111111111,24,139,Logistic Regression,pagerank
1987,WALKHUBS2VEC,micro-F1,0.5,24,139,Random Forest,pagerank
1987,WALKHUBS2VEC,macro-F1,0.206002331002331,24,139,Random Forest,pagerank
1988,deepwalk,micro-F1,0.6857142857142857,35,163,Logistic Regression,pagerank
1988,deepwalk,macro-F1,0.5125,35,163,Logistic Regression,pagerank
1988,deepwalk,micro-F1,0.7142857142857143,35,163,Random Forest,pagerank
1988,deepwalk,macro-F1,0.5547727272727273,35,163,Random Forest,pagerank
1988,ctdne,micro-F1,0.42857142857142855,35,163,Logistic Regression,pagerank
1988,ctdne,macro-F1,0.3111207897793264,35,163,Logistic Regression,pagerank
1988,ctdne,micro-F1,0.6,35,163,Random Forest,pagerank
1988,ctdne,macro-F1,0.49465852130325816,35,163,Random Forest,pagerank
1988,tnodeembedding,micro-F1,0.7142857142857143,35,163,Logistic Regression,pagerank
1988,tnodeembedding,macro-F1,0.5418560606060606,35,163,Logistic Regression,pagerank
1988,tnodeembedding,micro-F1,0.7142857142857143,35,163,Random Forest,pagerank
1988,tnodeembedding,macro-F1,0.5432806324110673,35,163,Random Forest,pagerank
1988,WALKHUBS2VEC,micro-F1,0.5428571428571428,35,163,Logistic Regression,pagerank
1988,WALKHUBS2VEC,macro-F1,0.327126335821988,35,163,Logistic Regression,pagerank
1988,WALKHUBS2VEC,micro-F1,0.5142857142857142,35,163,Random Forest,pagerank
1988,WALKHUBS2VEC,macro-F1,0.3256974506974507,35,163,Random Forest,pagerank
1989,deepwalk,micro-F1,0.7142857142857143,56,198,Logistic Regression,pagerank
1989,deepwalk,macro-F1,0.5140752032520326,56,198,Logistic Regression,pagerank
1989,deepwalk,micro-F1,0.75,56,198,Random Forest,pagerank
1989,deepwalk,macro-F1,0.5816049107970773,56,198,Random Forest,pagerank
1989,ctdne,micro-F1,0.7678571428571429,56,198,Logistic Regression,pagerank
1989,ctdne,macro-F1,0.5883223684210526,56,198,Logistic Regression,pagerank
1989,ctdne,micro-F1,0.6964285714285714,56,198,Random Forest,pagerank
1989,ctdne,macro-F1,0.5218971631205673,56,198,Random Forest,pagerank
1989,tnodeembedding,micro-F1,0.7142857142857143,56,198,Logistic Regression,pagerank
1989,tnodeembedding,macro-F1,0.500484496124031,56,198,Logistic Regression,pagerank
1989,tnodeembedding,micro-F1,0.75,56,198,Random Forest,pagerank
1989,tnodeembedding,macro-F1,0.5216608594657375,56,198,Random Forest,pagerank
1989,WALKHUBS2VEC,micro-F1,0.5892857142857143,56,198,Logistic Regression,pagerank
1989,WALKHUBS2VEC,macro-F1,0.4031939873851638,56,198,Logistic Regression,pagerank
1989,WALKHUBS2VEC,micro-F1,0.6785714285714286,56,198,Random Forest,pagerank
1989,WALKHUBS2VEC,macro-F1,0.4386111111111111,56,198,Random Forest,pagerank
1990,deepwalk,micro-F1,0.7603305785123967,121,254,Logistic Regression,pagerank
1990,deepwalk,macro-F1,0.6615777624180986,121,254,Logistic Regression,pagerank
1990,deepwalk,micro-F1,0.7520661157024794,121,254,Random Forest,pagerank
1990,deepwalk,macro-F1,0.6276198226326104,121,254,Random Forest,pagerank
1990,ctdne,micro-F1,0.7024793388429752,121,254,Logistic Regression,pagerank
1990,ctdne,macro-F1,0.5466391016097691,121,254,Logistic Regression,pagerank
1990,ctdne,micro-F1,0.6198347107438017,121,254,Random Forest,pagerank
1990,ctdne,macro-F1,0.46827379781343975,121,254,Random Forest,pagerank
1990,tnodeembedding,micro-F1,0.7603305785123967,121,254,Logistic Regression,pagerank
1990,tnodeembedding,macro-F1,0.6858137207047924,121,254,Logistic Regression,pagerank
1990,tnodeembedding,micro-F1,0.7355371900826446,121,254,Random Forest,pagerank
1990,tnodeembedding,macro-F1,0.626764288711436,121,254,Random Forest,pagerank
1990,WALKHUBS2VEC,micro-F1,0.5950413223140496,121,254,Logistic Regression,pagerank
1990,WALKHUBS2VEC,macro-F1,0.39422166427546623,121,254,Logistic Regression,pagerank
1990,WALKHUBS2VEC,micro-F1,0.6611570247933884,121,254,Random Forest,pagerank
1990,WALKHUBS2VEC,macro-F1,0.5306134602554475,121,254,Random Forest,pagerank
1991,deepwalk,micro-F1,0.7076271186440678,236,375,Logistic Regression,pagerank
1991,deepwalk,macro-F1,0.5867329202710235,236,375,Logistic Regression,pagerank
1991,deepwalk,micro-F1,0.6822033898305084,236,375,Random Forest,pagerank
1991,deepwalk,macro-F1,0.5646281202055272,236,375,Random Forest,pagerank
1991,ctdne,micro-F1,0.6864406779661016,236,375,Logistic Regression,pagerank
1991,ctdne,macro-F1,0.5176009611890011,236,375,Logistic Regression,pagerank
1991,ctdne,micro-F1,0.6059322033898306,236,375,Random Forest,pagerank
1991,ctdne,macro-F1,0.3458187012310253,236,375,Random Forest,pagerank
1991,tnodeembedding,micro-F1,0.711864406779661,236,375,Logistic Regression,pagerank
1991,tnodeembedding,macro-F1,0.5962581703428005,236,375,Logistic Regression,pagerank
1991,tnodeembedding,micro-F1,0.635593220338983,236,375,Random Forest,pagerank
1991,tnodeembedding,macro-F1,0.5339591254711564,236,375,Random Forest,pagerank
1991,WALKHUBS2VEC,micro-F1,0.5847457627118644,236,375,Logistic Regression,pagerank
1991,WALKHUBS2VEC,macro-F1,0.4447558154493059,236,375,Logistic Regression,pagerank
1991,WALKHUBS2VEC,micro-F1,0.5127118644067796,236,375,Random Forest,pagerank
1991,WALKHUBS2VEC,macro-F1,0.3586819240151429,236,375,Random Forest,pagerank
1992,deepwalk,micro-F1,0.6897374701670644,419,611,Logistic Regression,pagerank
1992,deepwalk,macro-F1,0.5729189197873834,419,611,Logistic Regression,pagerank
1992,deepwalk,micro-F1,0.6682577565632458,419,611,Random Forest,pagerank
1992,deepwalk,macro-F1,0.5324789711192915,419,611,Random Forest,pagerank
1992,ctdne,micro-F1,0.6563245823389021,419,611,Logistic Regression,pagerank
1992,ctdne,macro-F1,0.5498475084727538,419,611,Logistic Regression,pagerank
1992,ctdne,micro-F1,0.6420047732696897,419,611,Random Forest,pagerank
1992,ctdne,macro-F1,0.5337625267813947,419,611,Random Forest,pagerank
1992,tnodeembedding,micro-F1,0.6682577565632458,419,611,Logistic Regression,pagerank
1992,tnodeembedding,macro-F1,0.5599077779315954,419,611,Logistic Regression,pagerank
1992,tnodeembedding,micro-F1,0.6801909307875895,419,611,Random Forest,pagerank
1992,tnodeembedding,macro-F1,0.554207756493281,419,611,Random Forest,pagerank
1992,WALKHUBS2VEC,micro-F1,0.548926014319809,419,611,Logistic Regression,pagerank
1992,WALKHUBS2VEC,macro-F1,0.3497082973030783,419,611,Logistic Regression,pagerank
1992,WALKHUBS2VEC,micro-F1,0.5083532219570406,419,611,Random Forest,pagerank
1992,WALKHUBS2VEC,macro-F1,0.273646549733802,419,611,Random Forest,pagerank
1993,deepwalk,micro-F1,0.7301775147928994,845,1030,Logistic Regression,pagerank
1993,deepwalk,macro-F1,0.5731526587492448,845,1030,Logistic Regression,pagerank
1993,deepwalk,micro-F1,0.7171597633136095,845,1030,Random Forest,pagerank
1993,deepwalk,macro-F1,0.5560530486526033,845,1030,Random Forest,pagerank
1993,ctdne,micro-F1,0.6923076923076923,845,1030,Logistic Regression,pagerank
1993,ctdne,macro-F1,0.5289679676907542,845,1030,Logistic Regression,pagerank
1993,ctdne,micro-F1,0.6994082840236686,845,1030,Random Forest,pagerank
1993,ctdne,macro-F1,0.5216070441794967,845,1030,Random Forest,pagerank
1993,tnodeembedding,micro-F1,0.7183431952662721,845,1030,Logistic Regression,pagerank
1993,tnodeembedding,macro-F1,0.5617232959384333,845,1030,Logistic Regression,pagerank
1993,tnodeembedding,micro-F1,0.7218934911242604,845,1030,Random Forest,pagerank
1993,tnodeembedding,macro-F1,0.5624259598826462,845,1030,Random Forest,pagerank
1993,WALKHUBS2VEC,micro-F1,0.5408284023668639,845,1030,Logistic Regression,pagerank
1993,WALKHUBS2VEC,macro-F1,0.36420143063866073,845,1030,Logistic Regression,pagerank
1993,WALKHUBS2VEC,micro-F1,0.5514792899408284,845,1030,Random Forest,pagerank
1993,WALKHUBS2VEC,macro-F1,0.33443986994830743,845,1030,Random Forest,pagerank
1994,deepwalk,micro-F1,0.7753141167775314,1353,1875,Logistic Regression,pagerank
1994,deepwalk,macro-F1,0.6462117899567444,1353,1875,Logistic Regression,pagerank
1994,deepwalk,micro-F1,0.7553584626755357,1353,1875,Random Forest,pagerank
1994,deepwalk,macro-F1,0.5983477491119701,1353,1875,Random Forest,pagerank
1994,ctdne,micro-F1,0.736141906873614,1353,1875,Logistic Regression,pagerank
1994,ctdne,macro-F1,0.5691636516481152,1353,1875,Logistic Regression,pagerank
1994,ctdne,micro-F1,0.7427937915742794,1353,1875,Random Forest,pagerank
1994,ctdne,macro-F1,0.5710270460389355,1353,1875,Random Forest,pagerank
1994,tnodeembedding,micro-F1,0.7294900221729489,1353,1875,Logistic Regression,pagerank
1994,tnodeembedding,macro-F1,0.569587837411676,1353,1875,Logistic Regression,pagerank
1994,tnodeembedding,micro-F1,0.7553584626755357,1353,1875,Random Forest,pagerank
1994,tnodeembedding,macro-F1,0.5877635235601767,1353,1875,Random Forest,pagerank
1994,WALKHUBS2VEC,micro-F1,0.5779748706577975,1353,1875,Logistic Regression,pagerank
1994,WALKHUBS2VEC,macro-F1,0.3784133337495629,1353,1875,Logistic Regression,pagerank
1994,WALKHUBS2VEC,micro-F1,0.5971914264597191,1353,1875,Random Forest,pagerank
1994,WALKHUBS2VEC,macro-F1,0.359832703575438,1353,1875,Random Forest,pagerank
1995,deepwalk,micro-F1,0.7431761786600496,1612,3228,Logistic Regression,pagerank
1995,deepwalk,macro-F1,0.6542710025795125,1612,3228,Logistic Regression,pagerank
1995,deepwalk,micro-F1,0.7549627791563276,1612,3228,Random Forest,pagerank
1995,deepwalk,macro-F1,0.6538568734978096,1612,3228,Random Forest,pagerank
1995,ctdne,micro-F1,0.7251861042183623,1612,3228,Logistic Regression,pagerank
1995,ctdne,macro-F1,0.6216724136276766,1612,3228,Logistic Regression,pagerank
1995,ctdne,micro-F1,0.7301488833746899,1612,3228,Random Forest,pagerank
1995,ctdne,macro-F1,0.5992513503521923,1612,3228,Random Forest,pagerank
1995,tnodeembedding,micro-F1,0.7245657568238213,1612,3228,Logistic Regression,pagerank
1995,tnodeembedding,macro-F1,0.6281083905254572,1612,3228,Logistic Regression,pagerank
1995,tnodeembedding,micro-F1,0.7363523573200993,1612,3228,Random Forest,pagerank
1995,tnodeembedding,macro-F1,0.6181241671052695,1612,3228,Random Forest,pagerank
1995,WALKHUBS2VEC,micro-F1,0.5949131513647643,1612,3228,Logistic Regression,pagerank
1995,WALKHUBS2VEC,macro-F1,0.4361923754615008,1612,3228,Logistic Regression,pagerank
1995,WALKHUBS2VEC,micro-F1,0.5862282878411911,1612,3228,Random Forest,pagerank
1995,WALKHUBS2VEC,macro-F1,0.3654453187692208,1612,3228,Random Forest,pagerank
1996,deepwalk,micro-F1,0.7764449291166848,1834,4840,Logistic Regression,pagerank
1996,deepwalk,macro-F1,0.6934145840513579,1834,4840,Logistic Regression,pagerank
1996,deepwalk,micro-F1,0.7693565976008724,1834,4840,Random Forest,pagerank
1996,deepwalk,macro-F1,0.6700909848828739,1834,4840,Random Forest,pagerank
1996,ctdne,micro-F1,0.7410032715376226,1834,4840,Logistic Regression,pagerank
1996,ctdne,macro-F1,0.6463758041928755,1834,4840,Logistic Regression,pagerank
1996,ctdne,micro-F1,0.7639040348964015,1834,4840,Random Forest,pagerank
1996,ctdne,macro-F1,0.6479564858505634,1834,4840,Random Forest,pagerank
1996,tnodeembedding,micro-F1,0.7508178844056708,1834,4840,Logistic Regression,pagerank
1996,tnodeembedding,macro-F1,0.6671542452273318,1834,4840,Logistic Regression,pagerank
1996,tnodeembedding,micro-F1,0.757360959651036,1834,4840,Random Forest,pagerank
1996,tnodeembedding,macro-F1,0.6485553181140873,1834,4840,Random Forest,pagerank
1996,WALKHUBS2VEC,micro-F1,0.5926935659760088,1834,4840,Logistic Regression,pagerank
1996,WALKHUBS2VEC,macro-F1,0.4138253300030851,1834,4840,Logistic Regression,pagerank
1996,WALKHUBS2VEC,micro-F1,0.5785169029443838,1834,4840,Random Forest,pagerank
1996,WALKHUBS2VEC,macro-F1,0.3544207012145807,1834,4840,Random Forest,pagerank
1997,deepwalk,micro-F1,0.760725075528701,1655,6674,Logistic Regression,pagerank
1997,deepwalk,macro-F1,0.6842411615561904,1655,6674,Logistic Regression,pagerank
1997,deepwalk,micro-F1,0.7691842900302115,1655,6674,Random Forest,pagerank
1997,deepwalk,macro-F1,0.6897247048223283,1655,6674,Random Forest,pagerank
1997,ctdne,micro-F1,0.7389728096676738,1655,6674,Logistic Regression,pagerank
1997,ctdne,macro-F1,0.6451603512547819,1655,6674,Logistic Regression,pagerank
1997,ctdne,micro-F1,0.7444108761329306,1655,6674,Random Forest,pagerank
1997,ctdne,macro-F1,0.6518793310142332,1655,6674,Random Forest,pagerank
1997,tnodeembedding,micro-F1,0.7468277945619335,1655,6674,Logistic Regression,pagerank
1997,tnodeembedding,macro-F1,0.663990725512732,1655,6674,Logistic Regression,pagerank
1997,tnodeembedding,micro-F1,0.7419939577039275,1655,6674,Random Forest,pagerank
1997,tnodeembedding,macro-F1,0.6419610683421136,1655,6674,Random Forest,pagerank
1997,WALKHUBS2VEC,micro-F1,0.5842900302114804,1655,6674,Logistic Regression,pagerank
1997,WALKHUBS2VEC,macro-F1,0.43403844777339706,1655,6674,Logistic Regression,pagerank
1997,WALKHUBS2VEC,micro-F1,0.545619335347432,1655,6674,Random Forest,pagerank
1997,WALKHUBS2VEC,macro-F1,0.3317145856957963,1655,6674,Random Forest,pagerank
1998,deepwalk,micro-F1,0.7878787878787878,726,8329,Logistic Regression,pagerank
1998,deepwalk,macro-F1,0.7254520326485556,726,8329,Logistic Regression,pagerank
1998,deepwalk,micro-F1,0.775482093663912,726,8329,Random Forest,pagerank
1998,deepwalk,macro-F1,0.6850433066165672,726,8329,Random Forest,pagerank
1998,ctdne,micro-F1,0.7575757575757576,726,8329,Logistic Regression,pagerank
1998,ctdne,macro-F1,0.6844178896978994,726,8329,Logistic Regression,pagerank
1998,ctdne,micro-F1,0.7768595041322314,726,8329,Random Forest,pagerank
1998,ctdne,macro-F1,0.7026611965266454,726,8329,Random Forest,pagerank
1998,tnodeembedding,micro-F1,0.7548209366391184,726,8329,Logistic Regression,pagerank
1998,tnodeembedding,macro-F1,0.6830738617194727,726,8329,Logistic Regression,pagerank
1998,tnodeembedding,micro-F1,0.7644628099173554,726,8329,Random Forest,pagerank
1998,tnodeembedding,macro-F1,0.6809575866459199,726,8329,Random Forest,pagerank
1998,WALKHUBS2VEC,micro-F1,0.6129476584022039,726,8329,Logistic Regression,pagerank
1998,WALKHUBS2VEC,macro-F1,0.4643969893487208,726,8329,Logistic Regression,pagerank
1998,WALKHUBS2VEC,micro-F1,0.5895316804407713,726,8329,Random Forest,pagerank
1998,WALKHUBS2VEC,macro-F1,0.3990597723300595,726,8329,Random Forest,pagerank
1986,deepwalk,micro-F1,0.3333333333333333,3,132,Logistic Regression,betweenness
1986,deepwalk,macro-F1,0.2222222222222222,3,132,Logistic Regression,betweenness
1986,deepwalk,micro-F1,0.0,3,132,Random Forest,betweenness
1986,deepwalk,macro-F1,0.0,3,132,Random Forest,betweenness
1986,ctdne,micro-F1,0.0,3,132,Logistic Regression,betweenness
1986,ctdne,macro-F1,0.0,3,132,Logistic Regression,betweenness
1986,ctdne,micro-F1,0.0,3,132,Random Forest,betweenness
1986,ctdne,macro-F1,0.0,3,132,Random Forest,betweenness
1986,tnodeembedding,micro-F1,0.0,3,132,Logistic Regression,betweenness
1986,tnodeembedding,macro-F1,0.0,3,132,Logistic Regression,betweenness
1986,tnodeembedding,micro-F1,0.0,3,132,Random Forest,betweenness
1986,tnodeembedding,macro-F1,0.0,3,132,Random Forest,betweenness
1986,WALKHUBS2VEC,micro-F1,0.0,3,132,Logistic Regression,betweenness
1986,WALKHUBS2VEC,macro-F1,0.0,3,132,Logistic Regression,betweenness
1986,WALKHUBS2VEC,micro-F1,0.3333333333333333,3,132,Random Forest,betweenness
1986,WALKHUBS2VEC,macro-F1,0.2222222222222222,3,132,Random Forest,betweenness
1987,deepwalk,micro-F1,0.45454545454545453,11,135,Logistic Regression,betweenness
1987,deepwalk,macro-F1,0.15151515151515152,11,135,Logistic Regression,betweenness
1987,deepwalk,micro-F1,0.5454545454545454,11,135,Random Forest,betweenness
1987,deepwalk,macro-F1,0.3333333333333333,11,135,Random Forest,betweenness
1987,ctdne,micro-F1,0.09090909090909091,11,135,Logistic Regression,betweenness
1987,ctdne,macro-F1,0.02777777777777778,11,135,Logistic Regression,betweenness
1987,ctdne,micro-F1,0.18181818181818182,11,135,Random Forest,betweenness
1987,ctdne,macro-F1,0.09722222222222222,11,135,Random Forest,betweenness
1987,tnodeembedding,micro-F1,0.6363636363636364,11,135,Logistic Regression,betweenness
1987,tnodeembedding,macro-F1,0.38484848484848483,11,135,Logistic Regression,betweenness
1987,tnodeembedding,micro-F1,0.6363636363636364,11,135,Random Forest,betweenness
1987,tnodeembedding,macro-F1,0.38484848484848483,11,135,Random Forest,betweenness
1987,WALKHUBS2VEC,micro-F1,0.2727272727272727,11,135,Logistic Regression,betweenness
1987,WALKHUBS2VEC,macro-F1,0.15,11,135,Logistic Regression,betweenness
1987,WALKHUBS2VEC,micro-F1,0.18181818181818182,11,135,Random Forest,betweenness
1987,WALKHUBS2VEC,macro-F1,0.10317460317460318,11,135,Random Forest,betweenness
1988,deepwalk,micro-F1,0.7391304347826085,23,146,Logistic Regression,betweenness
1988,deepwalk,macro-F1,0.5805555555555555,23,146,Logistic Regression,betweenness
1988,deepwalk,micro-F1,0.782608695652174,23,146,Random Forest,betweenness
1988,deepwalk,macro-F1,0.6155624568668047,23,146,Random Forest,betweenness
1988,ctdne,micro-F1,0.17391304347826086,23,146,Logistic Regression,betweenness
1988,ctdne,macro-F1,0.04938271604938272,23,146,Logistic Regression,betweenness
1988,ctdne,micro-F1,0.43478260869565216,23,146,Random Forest,betweenness
1988,ctdne,macro-F1,0.24444444444444444,23,146,Random Forest,betweenness
1988,tnodeembedding,micro-F1,0.6086956521739131,23,146,Logistic Regression,betweenness
1988,tnodeembedding,macro-F1,0.37896825396825395,23,146,Logistic Regression,betweenness
1988,tnodeembedding,micro-F1,0.782608695652174,23,146,Random Forest,betweenness
1988,tnodeembedding,macro-F1,0.5560386473429951,23,146,Random Forest,betweenness
1988,WALKHUBS2VEC,micro-F1,0.4782608695652174,23,146,Logistic Regression,betweenness
1988,WALKHUBS2VEC,macro-F1,0.2888888888888888,23,146,Logistic Regression,betweenness
1988,WALKHUBS2VEC,micro-F1,0.6086956521739131,23,146,Random Forest,betweenness
1988,WALKHUBS2VEC,macro-F1,0.34166666666666673,23,146,Random Forest,betweenness
1989,deepwalk,micro-F1,0.6571428571428571,35,169,Logistic Regression,betweenness
1989,deepwalk,macro-F1,0.4395833333333333,35,169,Logistic Regression,betweenness
1989,deepwalk,micro-F1,0.6571428571428571,35,169,Random Forest,betweenness
1989,deepwalk,macro-F1,0.4395833333333333,35,169,Random Forest,betweenness
1989,ctdne,micro-F1,0.4857142857142857,35,169,Logistic Regression,betweenness
1989,ctdne,macro-F1,0.2600806451612903,35,169,Logistic Regression,betweenness
1989,ctdne,micro-F1,0.5428571428571428,35,169,Random Forest,betweenness
1989,ctdne,macro-F1,0.39007352941176465,35,169,Random Forest,betweenness
1989,tnodeembedding,micro-F1,0.5714285714285714,35,169,Logistic Regression,betweenness
1989,tnodeembedding,macro-F1,0.3723484848484848,35,169,Logistic Regression,betweenness
1989,tnodeembedding,micro-F1,0.6571428571428571,35,169,Random Forest,betweenness
1989,tnodeembedding,macro-F1,0.44141899766899767,35,169,Random Forest,betweenness
1989,WALKHUBS2VEC,micro-F1,0.5428571428571428,35,169,Logistic Regression,betweenness
1989,WALKHUBS2VEC,macro-F1,0.25595238095238093,35,169,Logistic Regression,betweenness
1989,WALKHUBS2VEC,micro-F1,0.5714285714285714,35,169,Random Forest,betweenness
1989,WALKHUBS2VEC,macro-F1,0.37462363403859567,35,169,Random Forest,betweenness
1990,deepwalk,micro-F1,0.7209302325581395,86,204,Logistic Regression,betweenness
1990,deepwalk,macro-F1,0.6423036758563075,86,204,Logistic Regression,betweenness
1990,deepwalk,micro-F1,0.7209302325581395,86,204,Random Forest,betweenness
1990,deepwalk,macro-F1,0.626580537628632,86,204,Random Forest,betweenness
1990,ctdne,micro-F1,0.6744186046511628,86,204,Logistic Regression,betweenness
1990,ctdne,macro-F1,0.5502253360360537,86,204,Logistic Regression,betweenness
1990,ctdne,micro-F1,0.5813953488372093,86,204,Random Forest,betweenness
1990,ctdne,macro-F1,0.5031925098806646,86,204,Random Forest,betweenness
1990,tnodeembedding,micro-F1,0.7093023255813953,86,204,Logistic Regression,betweenness
1990,tnodeembedding,macro-F1,0.63647185047561,86,204,Logistic Regression,betweenness
1990,tnodeembedding,micro-F1,0.6976744186046512,86,204,Random Forest,betweenness
1990,tnodeembedding,macro-F1,0.542352876592007,86,204,Random Forest,betweenness
1990,WALKHUBS2VEC,micro-F1,0.5232558139534884,86,204,Logistic Regression,betweenness
1990,WALKHUBS2VEC,macro-F1,0.34300140800262074,86,204,Logistic Regression,betweenness
1990,WALKHUBS2VEC,micro-F1,0.47674418604651164,86,204,Random Forest,betweenness
1990,WALKHUBS2VEC,macro-F1,0.28523989884756873,86,204,Random Forest,betweenness
1991,deepwalk,micro-F1,0.7010869565217391,184,290,Logistic Regression,betweenness
1991,deepwalk,macro-F1,0.5231359827277604,184,290,Logistic Regression,betweenness
1991,deepwalk,micro-F1,0.7065217391304348,184,290,Random Forest,betweenness
1991,deepwalk,macro-F1,0.42890671618499354,184,290,Random Forest,betweenness
1991,ctdne,micro-F1,0.5706521739130435,184,290,Logistic Regression,betweenness
1991,ctdne,macro-F1,0.3549679018002996,184,290,Logistic Regression,betweenness
1991,ctdne,micro-F1,0.5869565217391305,184,290,Random Forest,betweenness
1991,ctdne,macro-F1,0.39271907623370494,184,290,Random Forest,betweenness
1991,tnodeembedding,micro-F1,0.6902173913043478,184,290,Logistic Regression,betweenness
1991,tnodeembedding,macro-F1,0.49493210031312646,184,290,Logistic Regression,betweenness
1991,tnodeembedding,micro-F1,0.6521739130434783,184,290,Random Forest,betweenness
1991,tnodeembedding,macro-F1,0.4081011098597515,184,290,Random Forest,betweenness
1991,WALKHUBS2VEC,micro-F1,0.4945652173913043,184,290,Logistic Regression,betweenness
1991,WALKHUBS2VEC,macro-F1,0.29528791831093126,184,290,Logistic Regression,betweenness
1991,WALKHUBS2VEC,micro-F1,0.5271739130434783,184,290,Random Forest,betweenness
1991,WALKHUBS2VEC,macro-F1,0.3199565281064679,184,290,Random Forest,betweenness
1992,deepwalk,micro-F1,0.6620879120879121,364,474,Logistic Regression,betweenness
1992,deepwalk,macro-F1,0.4950197592549541,364,474,Logistic Regression,betweenness
1992,deepwalk,micro-F1,0.6401098901098901,364,474,Random Forest,betweenness
1992,deepwalk,macro-F1,0.4594673811633372,364,474,Random Forest,betweenness
1992,ctdne,micro-F1,0.6098901098901099,364,474,Logistic Regression,betweenness
1992,ctdne,macro-F1,0.4133133217984726,364,474,Logistic Regression,betweenness
1992,ctdne,micro-F1,0.5934065934065934,364,474,Random Forest,betweenness
1992,ctdne,macro-F1,0.40295720241117094,364,474,Random Forest,betweenness
1992,tnodeembedding,micro-F1,0.6208791208791209,364,474,Logistic Regression,betweenness
1992,tnodeembedding,macro-F1,0.4343356393689596,364,474,Logistic Regression,betweenness
1992,tnodeembedding,micro-F1,0.6236263736263736,364,474,Random Forest,betweenness
1992,tnodeembedding,macro-F1,0.435830431044889,364,474,Random Forest,betweenness
1992,WALKHUBS2VEC,micro-F1,0.42857142857142855,364,474,Logistic Regression,betweenness
1992,WALKHUBS2VEC,macro-F1,0.27907563265422797,364,474,Logistic Regression,betweenness
1992,WALKHUBS2VEC,micro-F1,0.4478021978021978,364,474,Random Forest,betweenness
1992,WALKHUBS2VEC,macro-F1,0.25860343912878686,364,474,Random Forest,betweenness
1993,deepwalk,micro-F1,0.6945876288659794,776,838,Logistic Regression,betweenness
1993,deepwalk,macro-F1,0.570938988093008,776,838,Logistic Regression,betweenness
1993,deepwalk,micro-F1,0.6881443298969072,776,838,Random Forest,betweenness
1993,deepwalk,macro-F1,0.5396215632808328,776,838,Random Forest,betweenness
1993,ctdne,micro-F1,0.6662371134020618,776,838,Logistic Regression,betweenness
1993,ctdne,macro-F1,0.5012572731148035,776,838,Logistic Regression,betweenness
1993,ctdne,micro-F1,0.6649484536082474,776,838,Random Forest,betweenness
1993,ctdne,macro-F1,0.5015507848942741,776,838,Random Forest,betweenness
1993,tnodeembedding,micro-F1,0.7023195876288659,776,838,Logistic Regression,betweenness
1993,tnodeembedding,macro-F1,0.5649000168069932,776,838,Logistic Regression,betweenness
1993,tnodeembedding,micro-F1,0.6984536082474226,776,838,Random Forest,betweenness
1993,tnodeembedding,macro-F1,0.5466219566568331,776,838,Random Forest,betweenness
1993,WALKHUBS2VEC,micro-F1,0.5360824742268041,776,838,Logistic Regression,betweenness
1993,WALKHUBS2VEC,macro-F1,0.3677445655925678,776,838,Logistic Regression,betweenness
1993,WALKHUBS2VEC,micro-F1,0.5335051546391752,776,838,Random Forest,betweenness
1993,WALKHUBS2VEC,macro-F1,0.3111506618741799,776,838,Random Forest,betweenness
1994,deepwalk,micro-F1,0.7372093023255812,1290,1614,Logistic Regression,betweenness
1994,deepwalk,macro-F1,0.5993486427590053,1290,1614,Logistic Regression,betweenness
1994,deepwalk,micro-F1,0.751937984496124,1290,1614,Random Forest,betweenness
1994,deepwalk,macro-F1,0.5754711399962961,1290,1614,Random Forest,betweenness
1994,ctdne,micro-F1,0.7248062015503876,1290,1614,Logistic Regression,betweenness
1994,ctdne,macro-F1,0.5555647922860103,1290,1614,Logistic Regression,betweenness
1994,ctdne,micro-F1,0.7364341085271318,1290,1614,Random Forest,betweenness
1994,ctdne,macro-F1,0.5565512395734924,1290,1614,Random Forest,betweenness
1994,tnodeembedding,micro-F1,0.7224806201550388,1290,1614,Logistic Regression,betweenness
1994,tnodeembedding,macro-F1,0.5604461633205639,1290,1614,Logistic Regression,betweenness
1994,tnodeembedding,micro-F1,0.7395348837209302,1290,1614,Random Forest,betweenness
1994,tnodeembedding,macro-F1,0.5743296490291676,1290,1614,Random Forest,betweenness
1994,WALKHUBS2VEC,micro-F1,0.5511627906976744,1290,1614,Logistic Regression,betweenness
1994,WALKHUBS2VEC,macro-F1,0.3784130111591649,1290,1614,Logistic Regression,betweenness
1994,WALKHUBS2VEC,micro-F1,0.5868217054263566,1290,1614,Random Forest,betweenness
1994,WALKHUBS2VEC,macro-F1,0.31756516593906553,1290,1614,Random Forest,betweenness
1995,deepwalk,micro-F1,0.7310388782664117,1569,2904,Logistic Regression,betweenness
1995,deepwalk,macro-F1,0.642778252128397,1569,2904,Logistic Regression,betweenness
1995,deepwalk,micro-F1,0.7418738049713193,1569,2904,Random Forest,betweenness
1995,deepwalk,macro-F1,0.6265858128930988,1569,2904,Random Forest,betweenness
1995,ctdne,micro-F1,0.7214786488209052,1569,2904,Logistic Regression,betweenness
1995,ctdne,macro-F1,0.6091040511980955,1569,2904,Logistic Regression,betweenness
1995,ctdne,micro-F1,0.7068196303377948,1569,2904,Random Forest,betweenness
1995,ctdne,macro-F1,0.5603362879950873,1569,2904,Random Forest,betweenness
1995,tnodeembedding,micro-F1,0.7214786488209052,1569,2904,Logistic Regression,betweenness
1995,tnodeembedding,macro-F1,0.6368870878921833,1569,2904,Logistic Regression,betweenness
1995,tnodeembedding,micro-F1,0.7297641810070109,1569,2904,Random Forest,betweenness
1995,tnodeembedding,macro-F1,0.5975246979311986,1569,2904,Random Forest,betweenness
1995,WALKHUBS2VEC,micro-F1,0.5691523263224985,1569,2904,Logistic Regression,betweenness
1995,WALKHUBS2VEC,macro-F1,0.38823283635902445,1569,2904,Logistic Regression,betweenness
1995,WALKHUBS2VEC,micro-F1,0.5659655831739961,1569,2904,Random Forest,betweenness
1995,WALKHUBS2VEC,macro-F1,0.2895815679020101,1569,2904,Random Forest,betweenness
1996,deepwalk,micro-F1,0.769358407079646,1808,4473,Logistic Regression,betweenness
1996,deepwalk,macro-F1,0.6935803124058955,1808,4473,Logistic Regression,betweenness
1996,deepwalk,micro-F1,0.764933628318584,1808,4473,Random Forest,betweenness
1996,deepwalk,macro-F1,0.6626050043179961,1808,4473,Random Forest,betweenness
1996,ctdne,micro-F1,0.7389380530973452,1808,4473,Logistic Regression,betweenness
1996,ctdne,macro-F1,0.6460688315799006,1808,4473,Logistic Regression,betweenness
1996,ctdne,micro-F1,0.7577433628318584,1808,4473,Random Forest,betweenness
1996,ctdne,macro-F1,0.6291038011657694,1808,4473,Random Forest,betweenness
1996,tnodeembedding,micro-F1,0.7345132743362832,1808,4473,Logistic Regression,betweenness
1996,tnodeembedding,macro-F1,0.6435869405453438,1808,4473,Logistic Regression,betweenness
1996,tnodeembedding,micro-F1,0.756637168141593,1808,4473,Random Forest,betweenness
1996,tnodeembedding,macro-F1,0.6486221913511723,1808,4473,Random Forest,betweenness
1996,WALKHUBS2VEC,micro-F1,0.5785398230088495,1808,4473,Logistic Regression,betweenness
1996,WALKHUBS2VEC,macro-F1,0.39493139351284917,1808,4473,Logistic Regression,betweenness
1996,WALKHUBS2VEC,micro-F1,0.5685840707964602,1808,4473,Random Forest,betweenness
1996,WALKHUBS2VEC,macro-F1,0.31699059995941925,1808,4473,Random Forest,betweenness
1997,deepwalk,micro-F1,0.7683374083129584,1636,6281,Logistic Regression,betweenness
1997,deepwalk,macro-F1,0.6912346817752701,1636,6281,Logistic Regression,betweenness
1997,deepwalk,micro-F1,0.7640586797066015,1636,6281,Random Forest,betweenness
1997,deepwalk,macro-F1,0.6775573180380301,1636,6281,Random Forest,betweenness
1997,ctdne,micro-F1,0.7279951100244498,1636,6281,Logistic Regression,betweenness
1997,ctdne,macro-F1,0.6421102304700576,1636,6281,Logistic Regression,betweenness
1997,ctdne,micro-F1,0.7475550122249389,1636,6281,Random Forest,betweenness
1997,ctdne,macro-F1,0.6583358656336367,1636,6281,Random Forest,betweenness
1997,tnodeembedding,micro-F1,0.7353300733496334,1636,6281,Logistic Regression,betweenness
1997,tnodeembedding,macro-F1,0.6608298886916835,1636,6281,Logistic Regression,betweenness
1997,tnodeembedding,micro-F1,0.7359413202933986,1636,6281,Random Forest,betweenness
1997,tnodeembedding,macro-F1,0.638902679000796,1636,6281,Random Forest,betweenness
1997,WALKHUBS2VEC,micro-F1,0.5727383863080685,1636,6281,Logistic Regression,betweenness
1997,WALKHUBS2VEC,macro-F1,0.41133441923266423,1636,6281,Logistic Regression,betweenness
1997,WALKHUBS2VEC,micro-F1,0.5336185819070904,1636,6281,Random Forest,betweenness
1997,WALKHUBS2VEC,macro-F1,0.28521423334416895,1636,6281,Random Forest,betweenness
1998,deepwalk,micro-F1,0.7618384401114207,718,7917,Logistic Regression,betweenness
1998,deepwalk,macro-F1,0.6763268441208697,718,7917,Logistic Regression,betweenness
1998,deepwalk,micro-F1,0.7646239554317549,718,7917,Random Forest,betweenness
1998,deepwalk,macro-F1,0.6784554484374321,718,7917,Random Forest,betweenness
1998,ctdne,micro-F1,0.7562674094707521,718,7917,Logistic Regression,betweenness
1998,ctdne,macro-F1,0.6775940836208518,718,7917,Logistic Regression,betweenness
1998,ctdne,micro-F1,0.7701949860724234,718,7917,Random Forest,betweenness
1998,ctdne,macro-F1,0.7002409340284436,718,7917,Random Forest,betweenness
1998,tnodeembedding,micro-F1,0.7632311977715879,718,7917,Logistic Regression,betweenness
1998,tnodeembedding,macro-F1,0.6967838760389923,718,7917,Logistic Regression,betweenness
1998,tnodeembedding,micro-F1,0.7590529247910862,718,7917,Random Forest,betweenness
1998,tnodeembedding,macro-F1,0.669347408951115,718,7917,Random Forest,betweenness
1998,WALKHUBS2VEC,micro-F1,0.5877437325905293,718,7917,Logistic Regression,betweenness
1998,WALKHUBS2VEC,macro-F1,0.4217246970624777,718,7917,Logistic Regression,betweenness
1998,WALKHUBS2VEC,micro-F1,0.5710306406685237,718,7917,Random Forest,betweenness
1998,WALKHUBS2VEC,macro-F1,0.33396145510987163,718,7917,Random Forest,betweenness
